id,title,author,url,score,num_comments,created_utc,flair,post_text,author_id,timestep,label,full_text,keywords,sentiment,emotion,emotion_probs,summary,clean_text,topic,topic_name,controversy
1m6dkh1,What da hell is MTI pro term in scs?,BurnerAccount_677,https://www.reddit.com/r/NationalServiceSG/comments/1m6dkh1/what_da_hell_is_mti_pro_term_in_scs/,1,3,2025-07-22T13:05:21Z,Question,"I had no idea there are other forms of infantry pro terms, is it a mono only thing? Can recoursers get that since its infantry?",0,3,nonviral,"What da hell is MTI pro term in scs?. I had no idea there are other forms of infantry pro terms, is it a mono only thing? Can recoursers get that since its infantry?",mti,-0.8095,surprise,"[('surprise', 0.6898420453071594), ('anger', 0.14603359997272491), ('disgust', 0.09906822443008423), ('neutral', 0.04334641247987747), ('sadness', 0.010617725551128387), ('fear', 0.007431932259351015), ('joy', 0.0036600700113922358)]","I had no idea there were other forms of infantry pro terms, is it a mono only thing? Can recoursers get that since its infantry?","da hell MTI pro term scs?. idea forms infantry pro terms, mono thing? recoursers infantry?",0,0_like_pes_im_pay,low
1m6dd2j,IPPT tips and ways to improve,Neat-Objective-4310,https://www.reddit.com/r/NationalServiceSG/comments/1m6dd2j/ippt_tips_and_ways_to_improve/,0,1,2025-07-22T12:56:27Z,Question,"I struggle to even do 1 push up. And only only able to do around 15 sit ups and my 2.4km running timing is around 20 mins.

Please give me useful ways I can improve quickly ",1,3,nonviral,"IPPT tips and ways to improve. I struggle to even do 1 push up. And only only able to do around 15 sit ups and my 2.4km running timing is around 20 mins.

Please give me useful ways I can improve quickly ",tips,0.8271,neutral,"[('neutral', 0.6727375984191895), ('fear', 0.1895420253276825), ('anger', 0.0660330057144165), ('sadness', 0.035446856170892715), ('disgust', 0.020265180617570877), ('surprise', 0.012086034752428532), ('joy', 0.003889283165335655)]",I struggle to even do 1 push up. And only only able to do around 15 sit ups. My 2.4km running timing is around 20 mins. Please give me useful ways I can improve.,IPPT tips ways improve. struggle 1 push up. able 15 sit ups 2.4km running timing 20 mins. useful ways improve quickly,0,0_like_pes_im_pay,low
1m6c022,How to become GOH for SCDF during NDP?,loudhailer69,https://www.reddit.com/r/NationalServiceSG/comments/1m6c022/how_to_become_goh_for_scdf_during_ndp/,0,1,2025-07-22T11:51:33Z,Question,"Is there any possibility for you to get the no.1 uniform and keep it. 
I heard from a senior that apparently even if you just go through SCC, if you are selected to be GOH during NDP you will get a tailored version and you will be able to keep it. 
Can someone tell me if this is bs or actually true cause from what I know , only those who commissioned from RCC get to keep their no.1 uniform ",2,3,nonviral,"How to become GOH for SCDF during NDP?. Is there any possibility for you to get the no.1 uniform and keep it. 
I heard from a senior that apparently even if you just go through SCC, if you are selected to be GOH during NDP you will get a tailored version and you will be able to keep it. 
Can someone tell me if this is bs or actually true cause from what I know , only those who commissioned from RCC get to keep their no.1 uniform ",scdf,0.4215,neutral,"[('neutral', 0.9305235147476196), ('anger', 0.017824117094278336), ('surprise', 0.017225630581378937), ('disgust', 0.013132925145328045), ('fear', 0.013053646311163902), ('sadness', 0.005858426447957754), ('joy', 0.0023818162735551596)]","I heard from a senior that apparently even if you just go through SCC, if you are selected to be GOH during NDP you will get a tailored version and you will be able to keep it. Can someone tell me if this is bs or actually true cause from what I","GOH SCDF NDP?. possibility no.1 uniform it. heard senior apparently just SCC, selected GOH NDP tailored version able it. tell bs actually true cause know , commissioned RCC no.1 uniform",0,0_like_pes_im_pay,low
1m68h9l,disposable underwear still allowed?,Nitrotivityyt,https://www.reddit.com/r/NationalServiceSG/comments/1m68h9l/disposable_underwear_still_allowed/,6,8,2025-07-22T08:20:03Z,Question,"as the title states, are disposable ones allowed or no",4,3,nonviral,"disposable underwear still allowed?. as the title states, are disposable ones allowed or no",disposable,-0.296,neutral,"[('neutral', 0.6829256415367126), ('surprise', 0.2635933458805084), ('sadness', 0.02085511013865471), ('disgust', 0.014777700416743755), ('anger', 0.009013921953737736), ('joy', 0.005949066951870918), ('fear', 0.002885215450078249)]",The title of this article refers to the use of disposable cameras. There is no limit on the number of cameras that can be used at a time.,"disposable underwear allowed?. title states, disposable ones allowed",-1,-1_posted_food_pes_like,medium
1m68bli,Being a muslim in the army,Dan4241,https://www.reddit.com/r/NationalServiceSG/comments/1m68bli/being_a_muslim_in_the_army/,48,33,2025-07-22T08:09:58Z,Question,"Hello all, I will be going in BMTC soon and I'm worried if I can do my 5 daily prayers as a muslim. I understand that because of the schedule I may not be able to pray all five or at all, that's fine but am I able to pray during admin time or make up my prayers after lights out? Are there prayer rooms at BMTC or will I have to pray in bunk? Also is there any possibility to pray during outfield? Any muslims can share their experience or if anyone have had practicing muslims in the same bunk as you? Thank you. ",5,3,viral,"Being a muslim in the army. Hello all, I will be going in BMTC soon and I'm worried if I can do my 5 daily prayers as a muslim. I understand that because of the schedule I may not be able to pray all five or at all, that's fine but am I able to pray during admin time or make up my prayers after lights out? Are there prayer rooms at BMTC or will I have to pray in bunk? Also is there any possibility to pray during outfield? Any muslims can share their experience or if anyone have had practicing muslims in the same bunk as you? Thank you. ",prayers,0.9461,fear,"[('fear', 0.6224508285522461), ('neutral', 0.27921995520591736), ('surprise', 0.037522926926612854), ('anger', 0.024080056697130203), ('sadness', 0.021614478901028633), ('disgust', 0.008363403379917145), ('joy', 0.006748306564986706)]",I'm worried if I can do my 5 daily prayers as a muslim. Are there prayer rooms at BMTC or will I have to pray in bunk? Also is there any possibility to pray during outfield? Any muslims can share their experience or if anyone have had practicing mus,"muslim army. Hello all, going BMTC soon I'm worried 5 daily prayers muslim. understand schedule able pray all, that's fine able pray admin time make prayers lights out? prayer rooms BMTC pray bunk? possibility pray outfield? muslims share experience practicing muslims bunk you? Thank you.",-1,-1_posted_food_pes_like,low
1m67c5u,Just received my PES grading and am confused that I got an E1,BadigolBoy,https://www.reddit.com/r/NationalServiceSG/comments/1m67c5u/just_received_my_pes_grading_and_am_confused_that/,37,15,2025-07-22T07:06:29Z,Question,"Just got my PES today and I am very shocked that I got E1. Im a somewhat fit person, slightly overweight, no mental issues and the only major thing that i could think of was my eye surgery for a cross eye i did 3 years ago that solved the issue. Did they use my NAPFA results from secondary school as a basis but it cant be that because my results were decent, not enough to warrant an E1. Is my eye surgery that drastic that I get an E1? What do i need to prove and submit to up PES because i have no interest in doing menial shit for NS. ",6,3,viral,"Just received my PES grading and am confused that I got an E1. Just got my PES today and I am very shocked that I got E1. Im a somewhat fit person, slightly overweight, no mental issues and the only major thing that i could think of was my eye surgery for a cross eye i did 3 years ago that solved the issue. Did they use my NAPFA results from secondary school as a basis but it cant be that because my results were decent, not enough to warrant an E1. Is my eye surgery that drastic that I get an E1? What do i need to prove and submit to up PES because i have no interest in doing menial shit for NS. ",e1,-0.888,surprise,"[('surprise', 0.9717720150947571), ('fear', 0.00871772225946188), ('neutral', 0.008123773150146008), ('anger', 0.0059876153245568275), ('disgust', 0.002226551529020071), ('sadness', 0.0019249729812145233), ('joy', 0.001247341395355761)]","Just got my PES today and I am very shocked that I got E1. Im a somewhat fit person, slightly overweight, no mental issues and the only major thing that i could think of was my eye surgery for a cross eye i did 3 years ago that solved the issue.","Just received PES grading confused got E1. Just got PES today shocked got E1. Im somewhat fit person, slightly overweight, mental issues major thing think eye surgery cross eye did 3 years ago solved issue. Did use NAPFA results secondary school basis results decent, warrant E1. eye surgery drastic E1? need prove submit PES doing menial shit NS.",0,0_like_pes_im_pay,low
1m66hjq,is there a gym/weight room in kranji sch V for E9,eatbobsneck,https://www.reddit.com/r/NationalServiceSG/comments/1m66hjq/is_there_a_gymweight_room_in_kranji_sch_v_for_e9/,0,4,2025-07-22T06:12:13Z,Question,"Hello, I am about to go into kranji sch v in the new few months. i‚Äôve heard about having quite a bit of admin time for E9s. i was wondering if there is a gym we can use during that time or must wait until book out?",7,3,nonviral,"is there a gym/weight room in kranji sch V for E9. Hello, I am about to go into kranji sch v in the new few months. i‚Äôve heard about having quite a bit of admin time for E9s. i was wondering if there is a gym we can use during that time or must wait until book out?",e9,0.0,surprise,"[('surprise', 0.704200267791748), ('neutral', 0.26633909344673157), ('sadness', 0.011617762967944145), ('joy', 0.008696645498275757), ('anger', 0.0039041019044816494), ('fear', 0.0038233520463109016), ('disgust', 0.0014187692431733012)]",I am about to go into kranji sch v in the new few months. i‚Äôve heard about having quite a bit of admin time for E9s. i was wondering if there is a gym we can use during that time or must wait until book out?,"gym/weight room kranji sch V E9. Hello, kranji sch v new months. i‚Äôve heard having quite bit admin time E9s. wondering gym use time wait book out?",0,0_like_pes_im_pay,low
1m66b0e,Suffering from mental health issues,SeatOver6288,https://www.reddit.com/r/NationalServiceSG/comments/1m66b0e/suffering_from_mental_health_issues/,12,7,2025-07-22T06:00:52Z,üè• Medical,"Hey there, im technically not in the army yet (abt 3 weeks till I do). However my mental health has been deteriorating drastically for the past few weeks. The thought of army life is the definitely the main attributing factor to my recent bouts of panic attacks. My mental health prior to this has never been that good too honestly caused by other factors not relating to NS (toxic/abusive relationships and other personal issues). Just want to ask whether anyone got any advice or experience for situations like these. Thanks",8,3,nonviral,"Suffering from mental health issues. Hey there, im technically not in the army yet (abt 3 weeks till I do). However my mental health has been deteriorating drastically for the past few weeks. The thought of army life is the definitely the main attributing factor to my recent bouts of panic attacks. My mental health prior to this has never been that good too honestly caused by other factors not relating to NS (toxic/abusive relationships and other personal issues). Just want to ask whether anyone got any advice or experience for situations like these. Thanks",panic,-0.0788,fear,"[('fear', 0.9632673859596252), ('neutral', 0.015442129224538803), ('sadness', 0.011743322014808655), ('surprise', 0.003141493536531925), ('anger', 0.002947708824649453), ('disgust', 0.0018678231863304973), ('joy', 0.0015901044243946671)]",The thought of army life is the main attributing factor to my recent bouts of panic attacks. My mental health prior to this has never been that good too honestly caused by other factors not relating to NS.,"Suffering mental health issues. Hey there, im technically army (abt 3 weeks till do). mental health deteriorating drastically past weeks. thought army life definitely main attributing factor recent bouts panic attacks. mental health prior good honestly caused factors relating NS (toxic/abusive relationships personal issues). Just want ask got advice experience situations like these. Thanks",1,1_time_im_just_hes,low
1m6504o,For those in pes BP Results after BMT,Substantial_Egg443,https://www.reddit.com/r/NationalServiceSG/comments/1m6504o/for_those_in_pes_bp_results_after_bmt/,2,2,2025-07-22T04:44:51Z,Question,"Just out of curiosity for those who were in Pes BP, like those who were overweight since secondary school, did getting back to normal weight after bmt , cause you to grow taller?

(asking this as i don't feel secure about height and want to see if its something possible,  tried looking it up online but it doesn't say the chances of this happening) ",9,3,nonviral,"For those in pes BP Results after BMT. Just out of curiosity for those who were in Pes BP, like those who were overweight since secondary school, did getting back to normal weight after bmt , cause you to grow taller?

(asking this as i don't feel secure about height and want to see if its something possible,  tried looking it up online but it doesn't say the chances of this happening) ",bmt,-0.3085,fear,"[('fear', 0.6063499450683594), ('neutral', 0.172908753156662), ('joy', 0.1700078248977661), ('anger', 0.025532850995659828), ('surprise', 0.010692198760807514), ('sadness', 0.008934127166867256), ('disgust', 0.005574334878474474)]",Did getting back to normal weight after bmt cause you to grow taller? I don't feel secure about height and want to see if its something possible.,"pes BP Results BMT. Just curiosity Pes BP, like overweight secondary school, did getting normal weight bmt , cause grow taller? (asking don't feel secure height want possible, tried looking online doesn't say chances happening)",0,0_like_pes_im_pay,low
1m64a7d,How do you actually make the most of your weekend book-outs?,HereOnlyLah,https://www.reddit.com/r/NationalServiceSG/comments/1m64a7d/how_do_you_actually_make_the_most_of_your_weekend/,52,9,2025-07-22T04:05:35Z,Discussion,"Book‚Äëout landings always look promising - rest, treat yourself, maybe hang out with mates. But somehow it‚Äôs already Sunday night before you know it. One long nap, some food, a quick scroll through TikTok, and you‚Äôre back in camp with barely enough time to pack and prep.
Anyone successfully turned weekend book‚Äëouts into something more than a blur?

- Got a go‚Äëto routine that makes the days feel productive and recharging?
- Plan a ‚Äúday mission‚Äù or simple reset ritual to avoid going full zombie mode?
- Even tiny wins - like watching a film start to finish without conking out - count.

Some tips from those in full BMT or high‚Äëtempo units? How do you squeeze real rest out of those short weekends?",10,3,viral,"How do you actually make the most of your weekend book-outs?. Book‚Äëout landings always look promising - rest, treat yourself, maybe hang out with mates. But somehow it‚Äôs already Sunday night before you know it. One long nap, some food, a quick scroll through TikTok, and you‚Äôre back in camp with barely enough time to pack and prep.
Anyone successfully turned weekend book‚Äëouts into something more than a blur?

- Got a go‚Äëto routine that makes the days feel productive and recharging?
- Plan a ‚Äúday mission‚Äù or simple reset ritual to avoid going full zombie mode?
- Even tiny wins - like watching a film start to finish without conking out - count.

Some tips from those in full BMT or high‚Äëtempo units? How do you squeeze real rest out of those short weekends?",weekends,0.9378,neutral,"[('neutral', 0.8729050755500793), ('surprise', 0.08535034209489822), ('joy', 0.012462846003472805), ('anger', 0.009764229878783226), ('sadness', 0.008517833426594734), ('disgust', 0.007627854123711586), ('fear', 0.003371872939169407)]","Book‚Äëout landings always look promising - rest, treat yourself, maybe hang out with mates. But somehow it‚Äôs already Sunday night before you know it. How do you squeeze real rest out of those short weekends?","actually make weekend book-outs?. Book‚Äëout landings look promising - rest, treat yourself, maybe hang mates. it‚Äôs Sunday night know it. long nap, food, quick scroll TikTok, you‚Äôre camp barely time pack prep. successfully turned weekend book‚Äëouts blur? - Got go‚Äëto routine makes days feel productive recharging? - Plan ‚Äúday mission‚Äù simple reset ritual avoid going zombie mode? - tiny wins - like watching film start finish conking - count. tips BMT high‚Äëtempo units? squeeze real rest short weekends?",0,0_like_pes_im_pay,low
1m647lo,Unclear enlist notice (PTP),lllllIiiIIIlllI,https://www.reddit.com/r/NationalServiceSG/comments/1m647lo/unclear_enlist_notice_ptp/,9,3,2025-07-22T04:01:43Z,Question,I'm entering in ptp for pes bp but I'm not sure what to bring and where exactly to go. My letter only states the date and that I have to go to BMTC HQ at 8am. So does that mean I have to show up at Pasir Ris Int before 8? As for the things to bring do I just follow past redditors as well? Got a little confused since my friends did get a letter with things to bring but I did not(some blue colour paper) ,11,3,nonviral,Unclear enlist notice (PTP). I'm entering in ptp for pes bp but I'm not sure what to bring and where exactly to go. My letter only states the date and that I have to go to BMTC HQ at 8am. So does that mean I have to show up at Pasir Ris Int before 8? As for the things to bring do I just follow past redditors as well? Got a little confused since my friends did get a letter with things to bring but I did not(some blue colour paper) ,ptp,0.4032,neutral,"[('neutral', 0.5018945932388306), ('fear', 0.3316170573234558), ('anger', 0.055670686066150665), ('surprise', 0.048732586205005646), ('sadness', 0.0428568571805954), ('disgust', 0.01670457422733307), ('joy', 0.00252366391941905)]",I'm entering in ptp for pes bp but I'm not sure what to bring and where exactly to go. My letter only states the date and that I have to go to BMTC HQ at 8am. As for the things to bring do I just follow past redditors,Unclear enlist notice (PTP). I'm entering ptp pes bp I'm sure bring exactly go. letter states date BMTC HQ 8am. does mean Pasir Ris Int 8? things bring just follow past redditors well? Got little confused friends did letter things bring did not(some blue colour paper),0,0_like_pes_im_pay,low
1m62gzz,Boyfriend going for ranger course this year,Prestigious-Title-66,https://www.reddit.com/r/NationalServiceSG/comments/1m62gzz/boyfriend_going_for_ranger_course_this_year/,114,16,2025-07-22T02:34:09Z,Question,"My boyfriend is going for the ranger course this year, what can I do to support him during this period and is there anything special I need to take note of?

Also, if ranger is split into three parts, is he allowed out between each phase?

Edit: It seems like phase three is overseas so will he have more rest time before that? Can I send him off or isit like some private flight ",12,2,viral,"Boyfriend going for ranger course this year. My boyfriend is going for the ranger course this year, what can I do to support him during this period and is there anything special I need to take note of?

Also, if ranger is split into three parts, is he allowed out between each phase?

Edit: It seems like phase three is overseas so will he have more rest time before that? Can I send him off or isit like some private flight ",ranger,0.8732,neutral,"[('neutral', 0.7369286417961121), ('fear', 0.13732697069644928), ('anger', 0.04143115133047104), ('surprise', 0.03171820938587189), ('disgust', 0.02731628529727459), ('sadness', 0.021847333759069443), ('joy', 0.003431418677791953)]",My boyfriend is going for the ranger course this year. What can I do to support him during this period and is there anything special I need to take note of?,"Boyfriend going ranger course year. boyfriend going ranger course year, support period special need note of? Also, ranger split parts, allowed phase? Edit: like phase overseas rest time that? send isit like private flight",0,0_like_pes_im_pay,low
1m61u2t,will svc medics be called up for reservist?,ryan_tjr,https://www.reddit.com/r/NationalServiceSG/comments/1m61u2t/will_svc_medics_be_called_up_for_reservist/,10,4,2025-07-22T02:03:39Z,Question,will svc medics be called up for reservist?,13,2,nonviral,will svc medics be called up for reservist?. will svc medics be called up for reservist?,medics,0.0,neutral,"[('neutral', 0.34977149963378906), ('sadness', 0.32598060369491577), ('surprise', 0.2762729525566101), ('anger', 0.023956624791026115), ('fear', 0.01582220569252968), ('joy', 0.006787520833313465), ('disgust', 0.0014085773145779967)]",Svc medics will be called up for reservist duty. Will they be on call? Will they have to go to Iraq or Afghanistan?,svc medics called reservist?. svc medics called reservist?,-1,-1_posted_food_pes_like,low
1m5z3jt,Am i damn cb for always chao keng?,OptimalCelebration27,https://www.reddit.com/r/NationalServiceSG/comments/1m5z3jt/am_i_damn_cb_for_always_chao_keng/,0,9,2025-07-21T23:54:32Z,Rant,"alr know the answer la guys, its yes. Recently i got selected to do the NDP packing, wah its fucking shag, every time i do until my
shoulder pain, sometimes i wonder how many we pack alr then its like only 20% done üíÄthen  fuck it lah, 1st entire week i use OL , 2nd and 3rd week i used a bunch of MC ahd MA

how do i change?",14,2,nonviral,"Am i damn cb for always chao keng?. alr know the answer la guys, its yes. Recently i got selected to do the NDP packing, wah its fucking shag, every time i do until my
shoulder pain, sometimes i wonder how many we pack alr then its like only 20% done üíÄthen  fuck it lah, 1st entire week i use OL , 2nd and 3rd week i used a bunch of MC ahd MA

how do i change?",pack,-0.6868,surprise,"[('surprise', 0.8633010387420654), ('sadness', 0.04820112884044647), ('neutral', 0.03896509110927582), ('anger', 0.02625836245715618), ('joy', 0.01179440226405859), ('fear', 0.007660700939595699), ('disgust', 0.0038192691281437874)]","NDP packing is a pain, every time i do until my shoulder pain, sometimes i wonder how many we pack alr then its like only 20% done. 1st entire week i use OL , 2nd and 3rd week i used a bunch of MC ahd MA ah","damn cb chao keng?. alr know answer la guys, yes. Recently got selected NDP packing, wah fucking shag, time shoulder pain, wonder pack alr like 20% üíÄthen fuck lah, 1st entire week use OL , 2nd 3rd week used bunch MC ahd MA change?",-1,-1_posted_food_pes_like,low
1m5yjb6,Anyone know what's FFI for regular absorption,Ok_Librarian_5173,https://www.reddit.com/r/NationalServiceSG/comments/1m5yjb6/anyone_know_whats_ffi_for_regular_absorption/,10,1,2025-07-21T23:29:33Z,Question,I plan on signing a diff service currently in unit and the recruitment centre has ask that I get a FFI for regular absorption how am I suppose to get this cuz when I ask the staff at the MO they mention that it can't be book like the normal FFI appointment ,15,2,nonviral,Anyone know what's FFI for regular absorption. I plan on signing a diff service currently in unit and the recruitment centre has ask that I get a FFI for regular absorption how am I suppose to get this cuz when I ask the staff at the MO they mention that it can't be book like the normal FFI appointment ,ffi,-0.2755,neutral,"[('neutral', 0.7786514759063721), ('fear', 0.12045685201883316), ('anger', 0.04173843935132027), ('disgust', 0.023291347548365593), ('sadness', 0.016101695597171783), ('surprise', 0.01555430144071579), ('joy', 0.004205902572721243)]",I plan on signing a diff service currently in unit and the recruitment centre has ask that I get a FFI for regular absorption. How am I suppose to get this cuz when I ask the staff at the MO they mention that it can't be book like the normal FFI appointment,know what's FFI regular absorption. plan signing diff service currently unit recruitment centre ask FFI regular absorption suppose cuz ask staff MO mention can't book like normal FFI appointment,0,0_like_pes_im_pay,low
1m5mzqg,Reservist pay if taking off/mc,MrKabowski,https://www.reddit.com/r/NationalServiceSG/comments/1m5mzqg/reservist_pay_if_taking_offmc/,4,0,2025-07-21T16:06:55Z,Question,Currently doing high key. Took 1 day off for personal matter. Will i still receive pay for the day i took off? Company is registered so they pay me directly instead of service pay + make up pay. Will i be expecting the same salary next month or will they prorate 1 day off?,16,2,nonviral,Reservist pay if taking off/mc. Currently doing high key. Took 1 day off for personal matter. Will i still receive pay for the day i took off? Company is registered so they pay me directly instead of service pay + make up pay. Will i be expecting the same salary next month or will they prorate 1 day off?,pay,-0.5482,sadness,"[('sadness', 0.5123055577278137), ('neutral', 0.29874980449676514), ('surprise', 0.13263294100761414), ('anger', 0.03155405819416046), ('fear', 0.009858568198978901), ('disgust', 0.0076988390646874905), ('joy', 0.00720026483759284)]",Will i still receive pay for the day i took off? Company is registered so they pay me directly instead of service pay + make up pay. Will i be expecting the same salary next month or will they prorate 1 day off?,Reservist pay taking off/mc. Currently doing high key. Took 1 day personal matter. receive pay day took off? Company registered pay directly instead service pay + make pay. expecting salary month prorate 1 day off?,0,0_like_pes_im_pay,low
1m5kh7y,Tell me everything I should know if I were to sign on as a female,lazyleopard21,https://www.reddit.com/r/NationalServiceSG/comments/1m5kh7y/tell_me_everything_i_should_know_if_i_were_to/,60,20,2025-07-21T14:31:36Z,Question,"Hi I am 17F and I have been recently interested in the idea of signing on! For context, I am set to complete my International Baccalaureate Diploma in November 2026 so I have been thinking about what I‚Äôd like to pursue thereafter. I have been volunteering for National Day and though I‚Äôm aware that its a display of the more glamorous aspect of our nation‚Äôs defence, it has piqued my curiosity regarding a career in the army/airforce. If I choose to not sign on, I will likely pursue a PLE degree or law at the tertiary level. I have no brothers and my father attended NS awhile ago, so it would be great if I could get some answers to my questions üòä

1.	‚Å†If I were to sign on, should I apply for university first, then sign on via the Mindef website, if no, what is the proper pathway I should take while approaching this?
2.	‚Å†In the 2 years of NS, what will I experience other than BMT?
3.	‚Å†As a girl, will I still be routed to NS vocations like NDU and Commandos/Guards?
4.	‚Å†Why should I not sign on? Do I have a better shot at a career in a private sector after uni?
5.	‚Å†Is it true that all girls in NS will be on track to SCS or OCS?
6.	‚Å†How worth it is the SAF scholarship?


If there is anything you think I should know or take as a precaution before signing on please let me know! It would be greatly appreciated as I‚Äôm still abit clueless üòÇüòì",17,2,viral,"Tell me everything I should know if I were to sign on as a female. Hi I am 17F and I have been recently interested in the idea of signing on! For context, I am set to complete my International Baccalaureate Diploma in November 2026 so I have been thinking about what I‚Äôd like to pursue thereafter. I have been volunteering for National Day and though I‚Äôm aware that its a display of the more glamorous aspect of our nation‚Äôs defence, it has piqued my curiosity regarding a career in the army/airforce. If I choose to not sign on, I will likely pursue a PLE degree or law at the tertiary level. I have no brothers and my father attended NS awhile ago, so it would be great if I could get some answers to my questions üòä

1.	‚Å†If I were to sign on, should I apply for university first, then sign on via the Mindef website, if no, what is the proper pathway I should take while approaching this?
2.	‚Å†In the 2 years of NS, what will I experience other than BMT?
3.	‚Å†As a girl, will I still be routed to NS vocations like NDU and Commandos/Guards?
4.	‚Å†Why should I not sign on? Do I have a better shot at a career in a private sector after uni?
5.	‚Å†Is it true that all girls in NS will be on track to SCS or OCS?
6.	‚Å†How worth it is the SAF scholarship?


If there is anything you think I should know or take as a precaution before signing on please let me know! It would be greatly appreciated as I‚Äôm still abit clueless üòÇüòì",baccalaureate,0.9853,fear,"[('fear', 0.523239254951477), ('neutral', 0.31161412596702576), ('joy', 0.07797207683324814), ('surprise', 0.03541354835033417), ('anger', 0.030027952045202255), ('sadness', 0.015910862013697624), ('disgust', 0.005822171922773123)]",17-year-old has been volunteering for National Day. Has been thinking about what she'd like to pursue thereafter. Has no brothers and her father attended NS awhile ago.,"Tell know sign female. Hi 17F recently interested idea signing on! context, set complete International Baccalaureate Diploma November 2026 thinking I‚Äôd like pursue thereafter. volunteering National Day I‚Äôm aware display glamorous aspect nation‚Äôs defence, piqued curiosity regarding career army/airforce. choose sign on, likely pursue PLE degree law tertiary level. brothers father attended NS awhile ago, great answers questions üòä 1. ‚Å†If sign on, apply university first, sign Mindef website, no, proper pathway approaching this? 2. ‚Å†In 2 years NS, experience BMT? 3. ‚Å†As girl, routed NS vocations like NDU Commandos/Guards? 4. ‚Å†Why sign on? better shot career private sector uni? 5. ‚Å†Is true girls NS track SCS OCS? 6. ‚Å†How worth SAF scholarship? think know precaution signing let know! greatly appreciated I‚Äôm abit clueless üòÇüòì",0,0_like_pes_im_pay,low
1m5i52o,waiting for PES status change,Sensitive-Lunch-8494,https://www.reddit.com/r/NationalServiceSG/comments/1m5i52o/waiting_for_pes_status_change/,0,1,2025-07-21T12:54:55Z,Question,"hi, i recently submitted my memo to the MO and the MO told me i would downpes to C9 due to my leg injury. any idea when the medical board review for this month(july) would take place and how long then would it take before my PES changes?",18,2,nonviral,"waiting for PES status change. hi, i recently submitted my memo to the MO and the MO told me i would downpes to C9 due to my leg injury. any idea when the medical board review for this month(july) would take place and how long then would it take before my PES changes?",pes,-0.4215,sadness,"[('sadness', 0.5224911570549011), ('surprise', 0.21371334791183472), ('neutral', 0.1792277991771698), ('fear', 0.04677628353238106), ('joy', 0.02308724634349346), ('anger', 0.01322240475565195), ('disgust', 0.0014817643677815795)]",i recently submitted my memo to the MO and the MO told me i would downpes to C9 due to my leg injury. any idea when the medical board review for this month(july) would take place and how long then would it take before my PES changes?,"waiting PES status change. hi, recently submitted memo MO MO told downpes C9 leg injury. idea medical board review month(july) place long PES changes?",0,0_like_pes_im_pay,low
1m5htlq,NSRO refuses to follow MO recommendation,Sally744,https://www.reddit.com/r/NationalServiceSG/comments/1m5htlq/nsro_refuses_to_follow_mo_recommendation/,30,5,2025-07-21T12:40:11Z,Question,Recently downpes due to mental health and MO recommended a transfer to our of my unit but my unit‚Äôs NSRO refuses to do so and is giving a invalid and weak reason like being still eligible for the unit by its PES status which isn‚Äôt the point since that‚Äôs not the reason for MO‚Äôs recommendation for a transfer out which has to do with the unit‚Äôs super toxic culture. What else can I do other than the MINDEF safety hotline? ,19,2,viral,NSRO refuses to follow MO recommendation. Recently downpes due to mental health and MO recommended a transfer to our of my unit but my unit‚Äôs NSRO refuses to do so and is giving a invalid and weak reason like being still eligible for the unit by its PES status which isn‚Äôt the point since that‚Äôs not the reason for MO‚Äôs recommendation for a transfer out which has to do with the unit‚Äôs super toxic culture. What else can I do other than the MINDEF safety hotline? ,nsro,0.9238,anger,"[('anger', 0.491225004196167), ('disgust', 0.19442428648471832), ('neutral', 0.17021404206752777), ('sadness', 0.07755881547927856), ('fear', 0.06181934475898743), ('surprise', 0.003537281882017851), ('joy', 0.0012211643625050783)]",My unit‚Äôs NSRO refuses to do so and is giving a invalid and weak reason like being still eligible for the unit by its PES status. What else can I do other than the MINDEF safety hotline?,NSRO refuses follow MO recommendation. Recently downpes mental health MO recommended transfer unit unit‚Äôs NSRO refuses giving invalid weak reason like eligible unit PES status isn‚Äôt point that‚Äôs reason MO‚Äôs recommendation transfer unit‚Äôs super toxic culture. MINDEF safety hotline?,1,1_time_im_just_hes,low
1m5gv4e,Is it possible to report NDP food?,pratathambi,https://www.reddit.com/r/NationalServiceSG/comments/1m5gv4e/is_it_possible_to_report_ndp_food/,76,27,2025-07-21T11:54:01Z,Question,"In NDP and being provided food from Old Chang Kee, the food is so bad that most of us rather just not eat at all and do work empty stomach. Is there even a possibility of the food being reported because we do not even have cookhouse food indented as an alternative?",20,2,viral,"Is it possible to report NDP food?. In NDP and being provided food from Old Chang Kee, the food is so bad that most of us rather just not eat at all and do work empty stomach. Is there even a possibility of the food being reported because we do not even have cookhouse food indented as an alternative?",food,-0.7685,disgust,"[('disgust', 0.8874172568321228), ('neutral', 0.04863537847995758), ('anger', 0.023215200752019882), ('sadness', 0.014446643181145191), ('fear', 0.013312185183167458), ('surprise', 0.012415943667292595), ('joy', 0.0005573723465204239)]","In NDP and being provided food from Old Chang Kee, the food is so bad that most of us rather just not eat at all and do work empty stomach. Is there even a possibility of the food being reported because we do not even have cookhouse food indented as an alternative?","possible report NDP food?. NDP provided food Old Chang Kee, food bad just eat work stomach. possibility food reported cookhouse food indented alternative?",-1,-1_posted_food_pes_like,low
1m5fd1j,Tore my acl in 2023. What will my PES be?,No_Baker_4946,https://www.reddit.com/r/NationalServiceSG/comments/1m5fd1j/tore_my_acl_in_2023_what_will_my_pes_be/,7,6,2025-07-21T10:30:29Z,Question,"Tore my acl in 2023 and had a successful surgery in 2023 december. I have not been to physio in a long time and i have not ‚Äúcleared‚Äù my physiotherapy. As of now, i am currently fully fit and i play football very often. I have my ns check up at the end of the year. What will my PES be?
Also, is my acl tear recorded in my history, and will they take into consideration about it at the ns check up?",21,2,nonviral,"Tore my acl in 2023. What will my PES be?. Tore my acl in 2023 and had a successful surgery in 2023 december. I have not been to physio in a long time and i have not ‚Äúcleared‚Äù my physiotherapy. As of now, i am currently fully fit and i play football very often. I have my ns check up at the end of the year. What will my PES be?
Also, is my acl tear recorded in my history, and will they take into consideration about it at the ns check up?",pes,0.8602,neutral,"[('neutral', 0.5975691676139832), ('sadness', 0.24733763933181763), ('surprise', 0.08183710277080536), ('fear', 0.045989006757736206), ('anger', 0.01010220404714346), ('disgust', 0.00934353843331337), ('joy', 0.007821331731975079)]","I have not been to physio in a long time and i have not ‚Äúcleared‚Äù my physiotherapy. As of now, i am currently fully fit and i play football very often. I have my ns check up at the end of the year. What will my","Tore acl 2023. PES be?. Tore acl 2023 successful surgery 2023 december. physio long time ‚Äúcleared‚Äù physiotherapy. now, currently fully fit play football often. ns check end year. PES be? Also, acl tear recorded history, consideration ns check up?",-1,-1_posted_food_pes_like,low
1m5ezqz,Random question about berets,Vivid-Associate-5868,https://www.reddit.com/r/NationalServiceSG/comments/1m5ezqz/random_question_about_berets/,19,2,2025-07-21T10:08:51Z,Question,"Hi I recently ooced from my scs pro term( won't say which) due to injury and have recently received my beret. Am I still allowed to wear the beret since technically I earned it up to that point even though im ooced and probably will post to a non combat unit?


",22,2,nonviral,"Random question about berets. Hi I recently ooced from my scs pro term( won't say which) due to injury and have recently received my beret. Am I still allowed to wear the beret since technically I earned it up to that point even though im ooced and probably will post to a non combat unit?


",beret,-0.6369,neutral,"[('neutral', 0.4683832824230194), ('surprise', 0.36571869254112244), ('sadness', 0.08480560034513474), ('joy', 0.06693020462989807), ('anger', 0.008355705998837948), ('fear', 0.003118125256150961), ('disgust', 0.0026883624959737062)]",Am I still allowed to wear the beret since technically I earned it up to that point even though im ooced and probably will post to a non combat unit?,Random question berets. Hi recently ooced scs pro term( won't say which) injury recently received beret. allowed wear beret technically earned point im ooced probably post non combat unit?,0,0_like_pes_im_pay,low
1m5e7vl,Army Safety Inspectorate ASI,tutukuehlover,https://www.reddit.com/r/NationalServiceSG/comments/1m5e7vl/army_safety_inspectorate_asi/,0,4,2025-07-21T09:21:02Z,Question,"Not NS related but does anyone knows where officers from this unit/dept will be located at? 

i.e. which camp can we find ASI? 

Or are they based at CMPB? ",23,2,nonviral,"Army Safety Inspectorate ASI. Not NS related but does anyone knows where officers from this unit/dept will be located at? 

i.e. which camp can we find ASI? 

Or are they based at CMPB? ",asi,0.3485,neutral,"[('neutral', 0.5701045393943787), ('fear', 0.29355835914611816), ('anger', 0.04776014760136604), ('surprise', 0.037176813930273056), ('disgust', 0.03194241225719452), ('sadness', 0.015453435480594635), ('joy', 0.004004390444606543)]","Do you know where officers from this unit/dept will be located at? If so, which camp can we find ASI?",Army Safety Inspectorate ASI. NS related does knows officers unit/dept located at? i.e. camp ASI? based CMPB?,0,0_like_pes_im_pay,low
1m5cvyr,Regarding Make up Pay for reservist,XenonKirito,https://www.reddit.com/r/NationalServiceSG/comments/1m5cvyr/regarding_make_up_pay_for_reservist/,10,3,2025-07-21T07:55:48Z,Question,"I understand that normally for nondirect scheme, employer or HR is supposed to give a form to sign or they sign it but..

Do they download it from the NS portal?
Do they have to add the employee under something in Corp pass?

Seems like my current employer/manager never done MUP for the other older NSmen colleagues before and only ask them to submit their own claims after they finished their cycle.

This is my 2nd reservist and seems like for non direct I still need to get my employer to help us submit another form again. Since the MUP never auto calculated.
Is that correct??

(Forgot to mentioned that I'm from SCDF/MHA)",24,2,nonviral,"Regarding Make up Pay for reservist. I understand that normally for nondirect scheme, employer or HR is supposed to give a form to sign or they sign it but..

Do they download it from the NS portal?
Do they have to add the employee under something in Corp pass?

Seems like my current employer/manager never done MUP for the other older NSmen colleagues before and only ask them to submit their own claims after they finished their cycle.

This is my 2nd reservist and seems like for non direct I still need to get my employer to help us submit another form again. Since the MUP never auto calculated.
Is that correct??

(Forgot to mentioned that I'm from SCDF/MHA)",ns,0.8959,neutral,"[('neutral', 0.7721841931343079), ('surprise', 0.17340900003910065), ('disgust', 0.0187652837485075), ('sadness', 0.014612486585974693), ('anger', 0.013339485973119736), ('fear', 0.005763080902397633), ('joy', 0.001926566706970334)]",This is my 2nd reservist and seems like for non direct I still need to get my employer to help us submit another form. Since the MUP never auto calculated.,"Regarding Make Pay reservist. understand normally nondirect scheme, employer HR supposed form sign sign but.. download NS portal? add employee Corp pass? like current employer/manager MUP older NSmen colleagues ask submit claims finished cycle. 2nd reservist like non direct need employer help submit form again. MUP auto calculated. correct?? (Forgot mentioned I'm SCDF/MHA)",0,0_like_pes_im_pay,low
1m4yhkm,Pes E reservist outfield?,Faglawd,https://www.reddit.com/r/NationalServiceSG/comments/1m4yhkm/pes_e_reservist_outfield/,18,7,2025-07-20T19:59:38Z,Question,"Recently got downgraded to pes E1 as NSman, am I still required to go outfield? CO and OC for reservist unit very garang because both extended past their required 10 cycles ",25,1,nonviral,"Pes E reservist outfield?. Recently got downgraded to pes E1 as NSman, am I still required to go outfield? CO and OC for reservist unit very garang because both extended past their required 10 cycles ",outfield,0.0,fear,"[('fear', 0.5785743594169617), ('neutral', 0.21289683878421783), ('anger', 0.09395742416381836), ('sadness', 0.058658208698034286), ('disgust', 0.029835108667612076), ('surprise', 0.022390736266970634), ('joy', 0.003687252290546894)]","Recently downgraded to pes E1 as NSman, am I still required to go outfield? CO and OC for reservist unit very garang because both extended past their required 10 cycles.","Pes E reservist outfield?. Recently got downgraded pes E1 NSman, required outfield? OC reservist unit garang extended past required 10 cycles",-1,-1_posted_food_pes_like,low
1m4ov1c,Scared of having to retake BMT due to MCs,ViperTheKillerCobra,https://www.reddit.com/r/NationalServiceSG/comments/1m4ov1c/scared_of_having_to_retake_bmt_due_to_mcs/,11,7,2025-07-20T13:25:28Z,Question,"Kranji II E9 Stayout here. Out of the 21 available days for Phase 1, I‚Äôm headed into my 5th MC day bc I‚Äôm developing flu symptoms + high fever. 

I‚Äôve heard somewhere you need 75% attendance to clear BMT and so far I would only have 76% if I book in for the remaining days. From experience, this is a genuine worry I should have? Or is it just paranoid?",26,1,nonviral,"Scared of having to retake BMT due to MCs. Kranji II E9 Stayout here. Out of the 21 available days for Phase 1, I‚Äôm headed into my 5th MC day bc I‚Äôm developing flu symptoms + high fever. 

I‚Äôve heard somewhere you need 75% attendance to clear BMT and so far I would only have 76% if I book in for the remaining days. From experience, this is a genuine worry I should have? Or is it just paranoid?",bmt,-0.7998,fear,"[('fear', 0.9485670328140259), ('neutral', 0.030667481943964958), ('anger', 0.005962928757071495), ('sadness', 0.005156641826033592), ('surprise', 0.005112013779580593), ('disgust', 0.003124431474134326), ('joy', 0.0014094221405684948)]","Out of the 21 available days for Phase 1, I'm headed into my 5th MC day bc I‚Äôm developing flu symptoms + high fever. Kranji II E9 Stayout here. ¬†I‚Äôve heard somewhere you need 75% attendance to clear B","Scared having retake BMT MCs. Kranji II E9 Stayout here. 21 available days Phase 1, I‚Äôm headed 5th MC day bc I‚Äôm developing flu symptoms + high fever. I‚Äôve heard need 75% attendance clear BMT far 76% book remaining days. experience, genuine worry have? just paranoid?",1,1_time_im_just_hes,low
1m4nu40,Will I Get Posted to a Combat Vocation Before Seeing PCC?,Background_Sir8414,https://www.reddit.com/r/NationalServiceSG/comments/1m4nu40/will_i_get_posted_to_a_combat_vocation_before/,0,2,2025-07-20T12:34:54Z,Question,"
Hi everyone,
I‚Äôm currently quite stressed and confused about my NS situation and hoping someone here might have gone through something similar or can offer advice.

Here‚Äôs my situation:
	‚Ä¢	Enlisted into Enhanced BMT as a PES B1 recruit (combat-fit)
	‚Ä¢	After 5 days, I sought help from CareHub, then saw my MO, and received 3 days of Respite MC
	‚Ä¢	Was later sent to IMH A&amp;E, received a memo, and submitted it to my unit
	‚Ä¢	I was told I‚Äôll be referred to PCC (Psychiatric Case Conference), but I‚Äôve yet to get any confirmation on my appointment
	‚Ä¢	Currently, I‚Äôm:
	‚Ä¢	Awaiting OOC
	‚Ä¢	Still PES B1 (MO has not down-PESed me)
	‚Ä¢	On Light Duties (84 days)
	‚Ä¢	Excused Stay-In (temporary)
	‚Ä¢	Excused FLEGS
	‚Ä¢	Still allowed to take Respite MCs when needed

My main concern is this:
Will I be posted into a combat vocation unit before I get to see PCC or before they down-PES me? Since I‚Äôm still technically PES B1 and not officially downpassed yet, I‚Äôm really scared I might end up getting posted before proper psychiatric evaluation happens.",27,1,nonviral,"Will I Get Posted to a Combat Vocation Before Seeing PCC?. 
Hi everyone,
I‚Äôm currently quite stressed and confused about my NS situation and hoping someone here might have gone through something similar or can offer advice.

Here‚Äôs my situation:
	‚Ä¢	Enlisted into Enhanced BMT as a PES B1 recruit (combat-fit)
	‚Ä¢	After 5 days, I sought help from CareHub, then saw my MO, and received 3 days of Respite MC
	‚Ä¢	Was later sent to IMH A&amp;E, received a memo, and submitted it to my unit
	‚Ä¢	I was told I‚Äôll be referred to PCC (Psychiatric Case Conference), but I‚Äôve yet to get any confirmation on my appointment
	‚Ä¢	Currently, I‚Äôm:
	‚Ä¢	Awaiting OOC
	‚Ä¢	Still PES B1 (MO has not down-PESed me)
	‚Ä¢	On Light Duties (84 days)
	‚Ä¢	Excused Stay-In (temporary)
	‚Ä¢	Excused FLEGS
	‚Ä¢	Still allowed to take Respite MCs when needed

My main concern is this:
Will I be posted into a combat vocation unit before I get to see PCC or before they down-PES me? Since I‚Äôm still technically PES B1 and not officially downpassed yet, I‚Äôm really scared I might end up getting posted before proper psychiatric evaluation happens.",appointment,-0.8529,fear,"[('fear', 0.9353705644607544), ('neutral', 0.02329985611140728), ('sadness', 0.022424079477787018), ('anger', 0.00959840603172779), ('surprise', 0.00501990644261241), ('disgust', 0.0027092364616692066), ('joy', 0.0015778944361954927)]","I‚Äôm currently quite stressed and confused about my NS situation and hoping someone here might have gone through something similar or can offer advice. Here‚Äôs my situation:Enlisted into Enhanced BMT as a PES B1 recruit (combat-fit) Currently, IÔøΩ","Posted Combat Vocation Seeing PCC?. Hi everyone, I‚Äôm currently quite stressed confused NS situation hoping gone similar offer advice. Here‚Äôs situation: ‚Ä¢ Enlisted Enhanced BMT PES B1 recruit (combat-fit) ‚Ä¢ 5 days, sought help CareHub, saw MO, received 3 days Respite MC ‚Ä¢ later sent IMH A&amp;E, received memo, submitted unit ‚Ä¢ told I‚Äôll referred PCC (Psychiatric Case Conference), I‚Äôve confirmation appointment ‚Ä¢ Currently, I‚Äôm: ‚Ä¢ Awaiting OOC ‚Ä¢ PES B1 (MO down-PESed me) ‚Ä¢ Light Duties (84 days) ‚Ä¢ Excused Stay-In (temporary) ‚Ä¢ Excused FLEGS ‚Ä¢ allowed Respite MCs needed main concern this: posted combat vocation unit PCC down-PES me? I‚Äôm technically PES B1 officially downpassed yet, I‚Äôm really scared end getting posted proper psychiatric evaluation happens.",-1,-1_posted_food_pes_like,low
1m4n2t7,sending outfield letter to my nsbf,matchahoney444,https://www.reddit.com/r/NationalServiceSG/comments/1m4n2t7/sending_outfield_letter_to_my_nsbf/,14,7,2025-07-20T11:54:21Z,Question,hi guys does anyone knows how many days before the outfield must i send my letter to ensure he receives it when everyone else does too :‚Äù) im planning to send it via singpost smartpac myself ,28,1,nonviral,sending outfield letter to my nsbf. hi guys does anyone knows how many days before the outfield must i send my letter to ensure he receives it when everyone else does too :‚Äù) im planning to send it via singpost smartpac myself ,send,0.3818,fear,"[('fear', 0.5534268021583557), ('anger', 0.16903303563594818), ('neutral', 0.12281214445829391), ('joy', 0.053015049546957016), ('sadness', 0.049762241542339325), ('surprise', 0.04493077099323273), ('disgust', 0.0070198895409703255)]","""I'm planning to send it via singpost smartpac myself"" ""Anyone knows how many days before the outfield must i send my letter to ensure he receives it?""",sending outfield letter nsbf. hi guys does knows days outfield send letter ensure receives does :‚Äù) im planning send singpost smartpac,0,0_like_pes_im_pay,low
1m4mqb3,"NSFIT settled, still need IPPT during ICT?",piping_hot_potato,https://www.reddit.com/r/NationalServiceSG/comments/1m4mqb3/nsfit_settled_still_need_ippt_during_ict/,4,3,2025-07-20T11:34:24Z,Question,"If let's say I completed all NSFIT sessions (plus one IPPT attempt) before my ICT, am I still required to attempt the IPPT in camp?",29,1,nonviral,"NSFIT settled, still need IPPT during ICT?. If let's say I completed all NSFIT sessions (plus one IPPT attempt) before my ICT, am I still required to attempt the IPPT in camp?",ippt,0.0,neutral,"[('neutral', 0.8618841171264648), ('surprise', 0.06648922711610794), ('disgust', 0.022244717925786972), ('anger', 0.020689992234110832), ('sadness', 0.015296527184545994), ('fear', 0.010829124599695206), ('joy', 0.002566290320828557)]",Is I still required to attempt the IPPT in camp if I complete all NSFIT sessions (plus one IPPT attempt) before ICT?,"NSFIT settled, need IPPT ICT?. let's say completed NSFIT sessions (plus IPPT attempt) ICT, required attempt IPPT camp?",-1,-1_posted_food_pes_like,low
1m4ltru,How are experiences with public psychiatrists?,Specialist_Safe4404,https://www.reddit.com/r/NationalServiceSG/comments/1m4ltru/how_are_experiences_with_public_psychiatrists/,0,3,2025-07-20T10:39:33Z,Question,"Hi there, has anyone saw psychiatrists from public hospital other than IMH for specialist memos or just consultations before? Gotta visit KTPH psychiatrists sometimes soon cuz private too expensive wondering if psychiatrists in government hospitals are generally nice and caring..... 

Any helps would be appreciated. Thank you! ",30,1,nonviral,"How are experiences with public psychiatrists?. Hi there, has anyone saw psychiatrists from public hospital other than IMH for specialist memos or just consultations before? Gotta visit KTPH psychiatrists sometimes soon cuz private too expensive wondering if psychiatrists in government hospitals are generally nice and caring..... 

Any helps would be appreciated. Thank you! ",psychiatrists,0.9331,neutral,"[('neutral', 0.6725583076477051), ('joy', 0.1276780664920807), ('surprise', 0.08555357903242111), ('fear', 0.06822948157787323), ('anger', 0.02411390282213688), ('sadness', 0.016675304621458054), ('disgust', 0.0051913512870669365)]",Has anyone saw psychiatrists from public hospital other than IMH for specialist memos or just consultations before? Gotta visit KTPH psychiatrists sometimes soon cuz private too expensive wondering if psychiatrists in government hospitals are generally nice and caring.,"experiences public psychiatrists?. Hi there, saw psychiatrists public hospital IMH specialist memos just consultations before? Gotta visit KTPH psychiatrists soon cuz private expensive wondering psychiatrists government hospitals generally nice caring..... helps appreciated. Thank you!",1,1_time_im_just_hes,low
1m4lsu0,Helping out fellow NSF in unit,Any_Constant2965,https://www.reddit.com/r/NationalServiceSG/comments/1m4lsu0/helping_out_fellow_nsf_in_unit/,66,21,2025-07-20T10:37:54Z,Question,"Throwaway account due to personal reasons

Recently, I had a new 3SG that got posted into my unit, over the short time that I had with him, he has been consistently late, quarelling with superiors and not taking initiative to help around the unit(ie, taking rations,area cleaning)

Im ok if he wants to keng and stuff, but he is making it everyone's problem, the unit is tired of him

He is going to take over me, and I feel that it is my responsibility to help him better adjust to his unit.I need your advice with this matter üôèüôèüôè",31,1,viral,"Helping out fellow NSF in unit. Throwaway account due to personal reasons

Recently, I had a new 3SG that got posted into my unit, over the short time that I had with him, he has been consistently late, quarelling with superiors and not taking initiative to help around the unit(ie, taking rations,area cleaning)

Im ok if he wants to keng and stuff, but he is making it everyone's problem, the unit is tired of him

He is going to take over me, and I feel that it is my responsibility to help him better adjust to his unit.I need your advice with this matter üôèüôèüôè",unit,0.5772,anger,"[('anger', 0.42122194170951843), ('sadness', 0.25517183542251587), ('neutral', 0.18896900117397308), ('disgust', 0.10747659206390381), ('fear', 0.013605576939880848), ('surprise', 0.008938276208937168), ('joy', 0.0046167392283678055)]","3SG has been consistently late, quarelling with superiors and not taking initiative to help around the unit. He is going to take over me, and I feel that it is my responsibility to help him better adjust to his unit.","Helping fellow NSF unit. Throwaway account personal reasons Recently, new 3SG got posted unit, short time him, consistently late, quarelling superiors taking initiative help unit(ie, taking rations,area cleaning) Im ok wants keng stuff, making everyone's problem, unit tired going me, feel responsibility help better adjust unit.I need advice matter üôèüôèüôè",1,1_time_im_just_hes,low
1m4lb1p,Vocations for Recovery Company,DeepLord2472,https://www.reddit.com/r/NationalServiceSG/comments/1m4lb1p/vocations_for_recovery_company/,6,3,2025-07-20T10:05:52Z,Question,I was informed that I'm posted to recovery coy. Anyone here has been posted to RCOY before and what vocation were you posted to after BMT?,32,1,nonviral,Vocations for Recovery Company. I was informed that I'm posted to recovery coy. Anyone here has been posted to RCOY before and what vocation were you posted to after BMT?,recovery,0.0,neutral,"[('neutral', 0.8028489351272583), ('surprise', 0.12943048775196075), ('fear', 0.029703881591558456), ('sadness', 0.02504664659500122), ('anger', 0.006352989003062248), ('joy', 0.0035669005010277033), ('disgust', 0.003050178289413452)]",I was informed that I'm posted to recovery coy. Anyone here has been posted to RCOY before and what vocation were you posted to after BMT?,Vocations Recovery Company. informed I'm posted recovery coy. posted RCOY vocation posted BMT?,-1,-1_posted_food_pes_like,low
1m4jzrc,What Commando Vocation should I pick,ConfusedWalrus69,https://www.reddit.com/r/NationalServiceSG/comments/1m4jzrc/what_commando_vocation_should_i_pick/,103,26,2025-07-20T08:39:35Z,Question,"Just got through my 2 weeks confinement and still feeling indifferent to CDO life, definitely not all sunshine and rainbows but at least the food was pretty good. 

Anyways, I've heard very little about the 5 vocations, (leaders/weapons/demo/medic/signals) so here I am.

Already decided against leaders cuz I know I ain't got that dawg in me. Matter of fact, I'm looking for the slackest most chaokeng job a commando can get, ironic I know. 

I live in the west, so stagmont camp (signals) is at the top of my list, appreciate if anyone could share their experience. Thanks üôè 



 ",33,1,viral,"What Commando Vocation should I pick. Just got through my 2 weeks confinement and still feeling indifferent to CDO life, definitely not all sunshine and rainbows but at least the food was pretty good. 

Anyways, I've heard very little about the 5 vocations, (leaders/weapons/demo/medic/signals) so here I am.

Already decided against leaders cuz I know I ain't got that dawg in me. Matter of fact, I'm looking for the slackest most chaokeng job a commando can get, ironic I know. 

I live in the west, so stagmont camp (signals) is at the top of my list, appreciate if anyone could share their experience. Thanks üôè 



 ",commando,0.963,neutral,"[('neutral', 0.5531045198440552), ('anger', 0.17454078793525696), ('disgust', 0.14754392206668854), ('sadness', 0.08785916864871979), ('joy', 0.0209736879914999), ('fear', 0.011017750017344952), ('surprise', 0.004960167687386274)]","Just got through my 2 weeks confinement and still feeling indifferent to CDO life, definitely not all sunshine and rainbows but at least the food was pretty good. I've heard very little about the 5 vocations, (leaders/weapons/demo/medic/signals)","Commando Vocation pick. Just got 2 weeks confinement feeling indifferent CDO life, definitely sunshine rainbows food pretty good. Anyways, I've heard little 5 vocations, (leaders/weapons/demo/medic/signals) am. decided leaders cuz know ain't got dawg me. Matter fact, I'm looking slackest chaokeng job commando get, ironic know. live west, stagmont camp (signals) list, appreciate share experience. Thanks üôè",-1,-1_posted_food_pes_like,low
1m4jb0g,Holding Area/Room (in SCDF) Queries,Remarkable-Bit-671,https://www.reddit.com/r/NationalServiceSG/comments/1m4jb0g/holding_arearoom_in_scdf_queries/,8,6,2025-07-20T07:54:04Z,Question,"Hello, does anyone know what are the odds/chances for someone that is currently in the midst of being downpes‚Äôd from B1 to C9 to be put in holding area after POP (which is like in 2 weeks time) or do they usually just straight away assign a frontline support vocation even when my down pes is processing? (Waiting for medical board to review)

Also, would like some intake on what‚Äôs the attire like to book in/out if I was to be placed in the holding area/room after POP while waiting for my down pes to be fully processed and given a support vocation? Is it smart 4 or? And do we get to wear admin attire when in camp after that like when walking around/going for lunch and etc

Would appreciate if anyone here knows! ü•≤",34,1,nonviral,"Holding Area/Room (in SCDF) Queries. Hello, does anyone know what are the odds/chances for someone that is currently in the midst of being downpes‚Äôd from B1 to C9 to be put in holding area after POP (which is like in 2 weeks time) or do they usually just straight away assign a frontline support vocation even when my down pes is processing? (Waiting for medical board to review)

Also, would like some intake on what‚Äôs the attire like to book in/out if I was to be placed in the holding area/room after POP while waiting for my down pes to be fully processed and given a support vocation? Is it smart 4 or? And do we get to wear admin attire when in camp after that like when walking around/going for lunch and etc

Would appreciate if anyone here knows! ü•≤",vocation,0.9663,neutral,"[('neutral', 0.9134482145309448), ('surprise', 0.05369009077548981), ('joy', 0.009893439710140228), ('anger', 0.006664622109383345), ('fear', 0.006653524003922939), ('sadness', 0.0057541681453585625), ('disgust', 0.0038959593512117863)]","Do they usually just straight away assign a frontline support vocation even when my down pes is processing? (Waiting for medical board to review) Also, would like some intake on what‚Äôs the attire like to book in/out if I was to be placed in the holding","Holding Area/Room (in SCDF) Queries. Hello, does know odds/chances currently midst downpes‚Äôd B1 C9 holding area POP (which like 2 weeks time) usually just straight away assign frontline support vocation pes processing? (Waiting medical board review) Also, like intake what‚Äôs attire like book in/out placed holding area/room POP waiting pes fully processed given support vocation? smart 4 or? wear admin attire camp like walking around/going lunch appreciate knows! ü•≤",0,0_like_pes_im_pay,low
1m4d4n2,How to listen and not impose your opinions on someone,InformalTop5121,https://www.reddit.com/r/NationalServiceSG/comments/1m4d4n2/how_to_listen_and_not_impose_your_opinions_on/,39,11,2025-07-20T01:54:28Z,Question,"Maybe it‚Äôs just the way my unit functions but over my time in unit I‚Äôve gotten really close to one of my specs cause we‚Äôve had a lot of H2H talks in and outside of army, and he recently confided that his worried about life after army cause of his past education path but due to different beliefs every time we talk about this topic I always tell him don‚Äôt worry about it too much cause there‚Äôs not much he can do until Uni starts but to him worrying motivated him but I can tell it‚Äôs burning him out, he just doesn‚Äôt wanna admit it and so we always argue about it when the topic arises but other than that we get along fine (sometimes too well) 

Also, he looks out for me in camp the most so I find it heartbreaking that I can help him and can only listen to him. So how do yall just listen and not do anything without feeling useless :/ btw im a Cpl and he‚Äôs not my buddy spec he just looks out for me on his own accord so technically its not really his job ? Cause there‚Äôs a spec to operator ratio and its 1:1 in my plt cause of how small it is",35,0,viral,"How to listen and not impose your opinions on someone. Maybe it‚Äôs just the way my unit functions but over my time in unit I‚Äôve gotten really close to one of my specs cause we‚Äôve had a lot of H2H talks in and outside of army, and he recently confided that his worried about life after army cause of his past education path but due to different beliefs every time we talk about this topic I always tell him don‚Äôt worry about it too much cause there‚Äôs not much he can do until Uni starts but to him worrying motivated him but I can tell it‚Äôs burning him out, he just doesn‚Äôt wanna admit it and so we always argue about it when the topic arises but other than that we get along fine (sometimes too well) 

Also, he looks out for me in camp the most so I find it heartbreaking that I can help him and can only listen to him. So how do yall just listen and not do anything without feeling useless :/ btw im a Cpl and he‚Äôs not my buddy spec he just looks out for me on his own accord so technically its not really his job ? Cause there‚Äôs a spec to operator ratio and its 1:1 in my plt cause of how small it is",talk,0.2012,sadness,"[('sadness', 0.9399310350418091), ('fear', 0.02826402150094509), ('neutral', 0.013071456924080849), ('anger', 0.007047771941870451), ('surprise', 0.005074409767985344), ('disgust', 0.004750015214085579), ('joy', 0.0018613091669976711)]",Cpl: I‚Äôve gotten really close to one of my specs. He recently confided that his worried about life after army cause of his past education path. He looks out for me in camp the most so I find it heartbreaking that I can help him and can only listen,"listen impose opinions someone. Maybe it‚Äôs just way unit functions time unit I‚Äôve gotten really close specs cause we‚Äôve lot H2H talks outside army, recently confided worried life army cause past education path different beliefs time talk topic tell don‚Äôt worry cause there‚Äôs Uni starts worrying motivated tell it‚Äôs burning out, just doesn‚Äôt wanna admit argue topic arises fine (sometimes well) Also, looks camp heartbreaking help listen him. yall just listen feeling useless :/ btw im Cpl he‚Äôs buddy spec just looks accord technically really job ? Cause there‚Äôs spec operator ratio 1:1 plt cause small",1,1_time_im_just_hes,low
1m41m65,"Going for a surgery for my ACL, possible to Up pes to join a combat unit",ACIDGOD47,https://www.reddit.com/r/NationalServiceSG/comments/1m41m65/going_for_a_surgery_for_my_acl_possible_to_up_pes/,6,4,2025-07-19T17:17:17Z,Question,"So my current pes is B4 and I've got permanent RMJ, excuse heavy load, excuse kneeling and squatting, as I have tore my ACL before national service, I have completed my BMT, and now I'm currently in a unit at Supply Base Central as a Supply Assistant (GE), Was wondering if after I done my surgery, and my knee is healed, is it possible for me to Up Pes and join a frontline combat unit like Guards. ",36,0,nonviral,"Going for a surgery for my ACL, possible to Up pes to join a combat unit. So my current pes is B4 and I've got permanent RMJ, excuse heavy load, excuse kneeling and squatting, as I have tore my ACL before national service, I have completed my BMT, and now I'm currently in a unit at Supply Base Central as a Supply Assistant (GE), Was wondering if after I done my surgery, and my knee is healed, is it possible for me to Up Pes and join a frontline combat unit like Guards. ",pes,0.4019,fear,"[('fear', 0.700443685054779), ('neutral', 0.18660952150821686), ('anger', 0.030565420165657997), ('disgust', 0.02880280278623104), ('surprise', 0.024625500664114952), ('sadness', 0.024044422432780266), ('joy', 0.004908694885671139)]","I tore my ACL before national service, I have completed my BMT, and now I'm currently in a unit at Supply Base Central as a Supply Assistant (GE) Was wondering if after I done my surgery, and my knee is healed, is it possible for me to Up Pes","Going surgery ACL, possible pes join combat unit. current pes B4 I've got permanent RMJ, excuse heavy load, excuse kneeling squatting, tore ACL national service, completed BMT, I'm currently unit Supply Base Central Supply Assistant (GE), wondering surgery, knee healed, possible Pes join frontline combat unit like Guards.",0,0_like_pes_im_pay,low
1m41aws,How do emart credits work for nsmen?,NoAbility1842,https://www.reddit.com/r/NationalServiceSG/comments/1m41aws/how_do_emart_credits_work_for_nsmen/,1,8,2025-07-19T17:04:23Z,Question,"ORDed early this year, but really want to get more admin shorts. I was in the last batch that got issued the thick ones and really want to get more of the new ones after wearing like 2 pairs over the past couple of months. Is there a cap on how many I can buy? And will the credits still top up every year on my birthday? I may not have reservist due to my PES, vocation and unit",37,0,nonviral,"How do emart credits work for nsmen?. ORDed early this year, but really want to get more admin shorts. I was in the last batch that got issued the thick ones and really want to get more of the new ones after wearing like 2 pairs over the past couple of months. Is there a cap on how many I can buy? And will the credits still top up every year on my birthday? I may not have reservist due to my PES, vocation and unit",credits,0.9148,neutral,"[('neutral', 0.7025126814842224), ('surprise', 0.21845097839832306), ('sadness', 0.050282180309295654), ('anger', 0.010012337006628513), ('disgust', 0.006825245916843414), ('fear', 0.006816678214818239), ('joy', 0.005099838599562645)]",I was in the last batch that got issued the thick ones and really want to get more of the new ones. Is there a cap on how many I can buy? And will the credits still top up every year on my birthday? I may not have reservist due to my P,"emart credits work nsmen?. ORDed early year, really want admin shorts. batch got issued ones really want new ones wearing like 2 pairs past couple months. cap buy? credits year birthday? reservist PES, vocation unit",0,0_like_pes_im_pay,low
1m3z7ui,losing mass and feeling depressed,Present-Pack-6139,https://www.reddit.com/r/NationalServiceSG/comments/1m3z7ui/losing_mass_and_feeling_depressed/,11,8,2025-07-19T15:38:02Z,Discussion,"so to give context i gym and all blah blah so i do take note of how my physique looks

anyways recently I took a pic of my physique and lo and behold i lost so much mass!

it feels like my progress just reversed and went back to the good old days where i was a skinny stick ts pmo üíîü•Ä

i dont really feel good about this
it feels like a lot of my effort is wasted haha 

with the lack of protein and lack of sleep i feel like my body is deteriorating every damn day 

anyone knows how to cope because i have a long way to go before i ord üòÇüòÇüòÇ",38,0,nonviral,"losing mass and feeling depressed. so to give context i gym and all blah blah so i do take note of how my physique looks

anyways recently I took a pic of my physique and lo and behold i lost so much mass!

it feels like my progress just reversed and went back to the good old days where i was a skinny stick ts pmo üíîü•Ä

i dont really feel good about this
it feels like a lot of my effort is wasted haha 

with the lack of protein and lack of sleep i feel like my body is deteriorating every damn day 

anyone knows how to cope because i have a long way to go before i ord üòÇüòÇüòÇ",skinny,0.6888,sadness,"[('sadness', 0.9918323755264282), ('joy', 0.001947067677974701), ('anger', 0.00181665294803679), ('neutral', 0.0014386847615242004), ('fear', 0.0013070921413600445), ('surprise', 0.0011697114678099751), ('disgust', 0.0004883674555458128)]","""i feel like my body is deteriorating every damn day"" ""I have a long way to go before i ord"" ""i don't really feel good about this""",losing mass feeling depressed. context gym blah blah note physique looks anyways recently took pic physique lo behold lost mass! feels like progress just reversed went good old days skinny stick ts pmo üíîü•Ä dont really feel good feels like lot effort wasted haha lack protein lack sleep feel like body deteriorating damn day knows cope long way ord üòÇüòÇüòÇ,-1,-1_posted_food_pes_like,low
1m3z7gx,any ways to get saf laundry (or similar looking ones) outside?,Open_Childhood5395,https://www.reddit.com/r/NationalServiceSG/comments/1m3z7gx/any_ways_to_get_saf_laundry_or_similar_looking/,0,5,2025-07-19T15:37:34Z,Question,camp laundry system kinda screwed up so uh trying to get my own laundry (especially blankets),39,0,nonviral,any ways to get saf laundry (or similar looking ones) outside?. camp laundry system kinda screwed up so uh trying to get my own laundry (especially blankets),laundry,-0.4417,sadness,"[('sadness', 0.46443697810173035), ('surprise', 0.3401869237422943), ('neutral', 0.13803526759147644), ('disgust', 0.020247692242264748), ('anger', 0.019123267382383347), ('joy', 0.010730578564107418), ('fear', 0.007239297963678837)]",Camp laundry system kinda screwed up so uh trying to get my own laundry (especially blankets),ways saf laundry (or similar looking ones) outside?. camp laundry kinda screwed uh trying laundry (especially blankets),0,0_like_pes_im_pay,low
1m3y4n1,Signing on to C4X? Worth it or not,Fred-ss,https://www.reddit.com/r/NationalServiceSG/comments/1m3y4n1/signing_on_to_c4x_worth_it_or_not/,29,15,2025-07-19T14:52:05Z,Question,"Hi guys, I have yet to enter the force (waiting to be enlisted), but I am considering signing on to C4X since signing is best done during BMT, from what I have heard. I have read posts regarding signing on but they are about 3 years ago, so I'd like to gain a newer/fresher insight on the current state.  
  
Let me list out some of my concerns regarding signing on to C4X, hopefully any ex-regulars, current regulars of C4X, or even other vocation regulars could share their experience, stories or advice regarding this decision.

Pros:  
  
1. Sign-on bonus  
  
2. University tuition is paid for fully (this to me is somewhat of a concern, because my GPA will definitely not land me in NUS (yes I tried, my GPA (Dip in CyberSec) + Certs + Personal Projects + Extra-Curricular activities + Work Experience), SIT is my only hope. So if SIT rejects me, I would have no choice but to study private/overseas uni if I want to attain a Degree. My parents specifically told me that if I were to study overseas or private, I would be paying for the fees myself.  
  
3. Decent starting pay post uni (from what I heard about $5K base/starting pay for uni graduates), and will only increase with promotions. Not sure if there is risk pay for C4X.

4. Career and Financial stability, in terms of, I won't just get fired out of nowhere. (Unless I make a serious mistake, and the fact that I can continue my position even after my bond ends)

5. C4X aligns with my career path and studies, so I would assume that with the work that I would be doing in C4X, it would minimally provide me with beneficial knowledge/experiences/skillsets that are transferrable into the private sector, be it soft-skills or hard-skills.

6. Regular pay during my 2 year mandatory service

Cons:

1. 6 year bond, so when im out of SAF, im already 32. Meaning im tied to SAF for about the next 10-12 years or so, no room for regrets

2. Heard about the toxic work culture regarding superiors and regulars, but im not sure if it is as rampant in C4X

3. Potentially thrown into some sai kang BS role, which will provide me with absolutely nothing in value

  
For some context, I don't really mind going through OCS to become occifer, if it is part of the requirement as a sign-onee then so be it.   
  
I have also worked at a private sector company before, doing cyber related work. It is just 9 hours a day x5 every week (office / WFH), I would be lying if I said that it wasn't a mixture of boring/super-stressful, I would say that (in my opinion), most of the full timers there are overworked, juggling 7 concurrent projects at once with super tight deadlines.

Edit: Also how are leaves and holidays like? Am I tied to Singapore in the long run or can I take leave for travels etc. as well?",40,0,viral,"Signing on to C4X? Worth it or not. Hi guys, I have yet to enter the force (waiting to be enlisted), but I am considering signing on to C4X since signing is best done during BMT, from what I have heard. I have read posts regarding signing on but they are about 3 years ago, so I'd like to gain a newer/fresher insight on the current state.  
  
Let me list out some of my concerns regarding signing on to C4X, hopefully any ex-regulars, current regulars of C4X, or even other vocation regulars could share their experience, stories or advice regarding this decision.

Pros:  
  
1. Sign-on bonus  
  
2. University tuition is paid for fully (this to me is somewhat of a concern, because my GPA will definitely not land me in NUS (yes I tried, my GPA (Dip in CyberSec) + Certs + Personal Projects + Extra-Curricular activities + Work Experience), SIT is my only hope. So if SIT rejects me, I would have no choice but to study private/overseas uni if I want to attain a Degree. My parents specifically told me that if I were to study overseas or private, I would be paying for the fees myself.  
  
3. Decent starting pay post uni (from what I heard about $5K base/starting pay for uni graduates), and will only increase with promotions. Not sure if there is risk pay for C4X.

4. Career and Financial stability, in terms of, I won't just get fired out of nowhere. (Unless I make a serious mistake, and the fact that I can continue my position even after my bond ends)

5. C4X aligns with my career path and studies, so I would assume that with the work that I would be doing in C4X, it would minimally provide me with beneficial knowledge/experiences/skillsets that are transferrable into the private sector, be it soft-skills or hard-skills.

6. Regular pay during my 2 year mandatory service

Cons:

1. 6 year bond, so when im out of SAF, im already 32. Meaning im tied to SAF for about the next 10-12 years or so, no room for regrets

2. Heard about the toxic work culture regarding superiors and regulars, but im not sure if it is as rampant in C4X

3. Potentially thrown into some sai kang BS role, which will provide me with absolutely nothing in value

  
For some context, I don't really mind going through OCS to become occifer, if it is part of the requirement as a sign-onee then so be it.   
  
I have also worked at a private sector company before, doing cyber related work. It is just 9 hours a day x5 every week (office / WFH), I would be lying if I said that it wasn't a mixture of boring/super-stressful, I would say that (in my opinion), most of the full timers there are overworked, juggling 7 concurrent projects at once with super tight deadlines.

Edit: Also how are leaves and holidays like? Am I tied to Singapore in the long run or can I take leave for travels etc. as well?",c4x,0.9872,,,"I have yet to enter the force (waiting to be enlisted), but I am considering signing on to C4X since signing is best done during BMT. University tuition is paid for fully (this to me is somewhat of a concern, because my GPA will definitely not land me","Signing C4X? Worth not. Hi guys, enter force (waiting enlisted), considering signing C4X signing best BMT, heard. read posts regarding signing 3 years ago, I'd like gain newer/fresher insight current state. Let list concerns regarding signing C4X, hopefully ex-regulars, current regulars C4X, vocation regulars share experience, stories advice regarding decision. Pros: 1. Sign-on bonus 2. University tuition paid fully (this somewhat concern, GPA definitely land NUS (yes tried, GPA (Dip CyberSec) + Certs + Personal Projects + Extra-Curricular activities + Work Experience), SIT hope. SIT rejects me, choice study private/overseas uni want attain Degree. parents specifically told study overseas private, paying fees myself. 3. Decent starting pay post uni (from heard $5K base/starting pay uni graduates), increase promotions. sure risk pay C4X. 4. Career Financial stability, terms of, won't just fired nowhere. (Unless make mistake, fact continue position bond ends) 5. C4X aligns career path studies, assume work doing C4X, minimally provide beneficial knowledge/experiences/skillsets transferrable private sector, soft-skills hard-skills. 6. Regular pay 2 year mandatory service Cons: 1. 6 year bond, im SAF, im 32. Meaning im tied SAF 10-12 years so, room regrets 2. Heard toxic work culture regarding superiors regulars, im sure rampant C4X 3. Potentially thrown sai kang BS role, provide absolutely value context, don't really mind going OCS occifer, requirement sign-onee it. worked private sector company before, doing cyber related work. just 9 hours day x5 week (office / WFH), lying said wasn't mixture boring/super-stressful, say (in opinion), timers overworked, juggling 7 concurrent projects super tight deadlines. Edit: leaves holidays like? tied Singapore long run leave travels etc. well?",0,0_like_pes_im_pay,low
1m3xi25,Worried I'm losing my bf while he's in NS,Fluid_Zombie_6197,https://www.reddit.com/r/NationalServiceSG/comments/1m3xi25/worried_im_losing_my_bf_while_hes_in_ns/,46,51,2025-07-19T14:24:59Z,Discussion,"Hi everyone! For context, my bf and I started our LDR since before he started NS (I'm from a different country), and we've visited each other IRL a few times. Our relationship has been stable and healthy for the most part.

During BMT, he made a lot of effort to call and text me whenever possible and give a lot of assurance, even though his schedule was packed. During weekend book outs we could spend almost the entire time together, and I would listen to try to understand the NS workings since I myself am not from Singapore haha.

Fast forward to after BMT, he's in infantry and now spends almost 0 time with me. From my understanding he's around the same levels of busy as before, yet he spends much less time with me now. When confronted, he just told me that he has more friends and is getting along well with the sergeants, so he enjoys his time much more now with friends like ordering out and spending bookouts with them.

Thing is, he can go a full 24 hours without texting me, sometimes won't call, always saying it's past lights out by the time he's free. During weekends he spends more time going out with friends and family and doing tasks like getting a haircut or buying things he needs for NS. And whatever free time he has in between all of that goes to watching youtube or playing games. 

Usually, I wouldn't mind these things, but the change is so abrupt and sudden that it raises room for suspicion. He literally made an entire personality change within 1 week of entering infantry. Sometimes we're only spending 5 minutes per day talking to each other (text/call). And sometimes on weekends we may only spend 8 hours together (for sleep call - so we're not even talking).

I considered he may be cheating. He told me once that he was envious of his other friends who got to go out on actual dates with their gfs during bookout on night/weekend (since we can't, I'm not in SG). But he's told me he has me as his lockscreen and all his platoon and sergeants know about us dating. He's also told his parents and siblings. I also don't think he has the balls to cheat to be honest. I have access to contact his closest friends and family to ask, but haven't in case I'm just overreacting.

I'm overall just afraid that the lack of quality time may completely dwindle the relationship, especially as it is LDR where consistent communication is key. I think I myself may also start losing passion in the relationship as I spend so much more time on myself and my friends/colleagues compared to him. To me it almost feels like I have no boyfriend except for an hour a day, especially when my love language is quality time.

Any advice/opinions would be great, especially from girlies who are also dating recruits!

Edit: there are so many sickos in my DMs asking me if I wanna cheat on him. Get a grip bruhh üò≠

Edit 2: For clarification, I'm not in SG Uni and I'm working corporate from a different country. yes I'm older than him haha",41,0,viral,"Worried I'm losing my bf while he's in NS. Hi everyone! For context, my bf and I started our LDR since before he started NS (I'm from a different country), and we've visited each other IRL a few times. Our relationship has been stable and healthy for the most part.

During BMT, he made a lot of effort to call and text me whenever possible and give a lot of assurance, even though his schedule was packed. During weekend book outs we could spend almost the entire time together, and I would listen to try to understand the NS workings since I myself am not from Singapore haha.

Fast forward to after BMT, he's in infantry and now spends almost 0 time with me. From my understanding he's around the same levels of busy as before, yet he spends much less time with me now. When confronted, he just told me that he has more friends and is getting along well with the sergeants, so he enjoys his time much more now with friends like ordering out and spending bookouts with them.

Thing is, he can go a full 24 hours without texting me, sometimes won't call, always saying it's past lights out by the time he's free. During weekends he spends more time going out with friends and family and doing tasks like getting a haircut or buying things he needs for NS. And whatever free time he has in between all of that goes to watching youtube or playing games. 

Usually, I wouldn't mind these things, but the change is so abrupt and sudden that it raises room for suspicion. He literally made an entire personality change within 1 week of entering infantry. Sometimes we're only spending 5 minutes per day talking to each other (text/call). And sometimes on weekends we may only spend 8 hours together (for sleep call - so we're not even talking).

I considered he may be cheating. He told me once that he was envious of his other friends who got to go out on actual dates with their gfs during bookout on night/weekend (since we can't, I'm not in SG). But he's told me he has me as his lockscreen and all his platoon and sergeants know about us dating. He's also told his parents and siblings. I also don't think he has the balls to cheat to be honest. I have access to contact his closest friends and family to ask, but haven't in case I'm just overreacting.

I'm overall just afraid that the lack of quality time may completely dwindle the relationship, especially as it is LDR where consistent communication is key. I think I myself may also start losing passion in the relationship as I spend so much more time on myself and my friends/colleagues compared to him. To me it almost feels like I have no boyfriend except for an hour a day, especially when my love language is quality time.

Any advice/opinions would be great, especially from girlies who are also dating recruits!

Edit: there are so many sickos in my DMs asking me if I wanna cheat on him. Get a grip bruhh üò≠

Edit 2: For clarification, I'm not in SG Uni and I'm working corporate from a different country. yes I'm older than him haha",ns,0.9732,,,"My bf and I started our LDR since before he started NS. Now he's in infantry and now spends almost 0 time with me. He can go a full 24 hours without texting me, sometimes won't call, always saying it's past lights out by the time he's","Worried I'm losing bf he's NS. Hi everyone! context, bf started LDR started NS (I'm different country), we've visited IRL times. relationship stable healthy part. BMT, lot effort text possible lot assurance, schedule packed. weekend book outs spend entire time together, listen try understand NS workings Singapore haha. Fast forward BMT, he's infantry spends 0 time me. understanding he's levels busy before, spends time now. confronted, just told friends getting sergeants, enjoys time friends like ordering spending bookouts them. Thing is, 24 hours texting me, won't call, saying it's past lights time he's free. weekends spends time going friends family doing tasks like getting haircut buying things needs NS. free time goes watching youtube playing games. Usually, wouldn't mind things, change abrupt sudden raises room suspicion. literally entire personality change 1 week entering infantry. we're spending 5 minutes day talking (text/call). weekends spend 8 hours (for sleep - we're talking). considered cheating. told envious friends got actual dates gfs bookout night/weekend (since can't, I'm SG). he's told lockscreen platoon sergeants know dating. He's told parents siblings. don't think balls cheat honest. access contact closest friends family ask, haven't case I'm just overreacting. I'm overall just afraid lack quality time completely dwindle relationship, especially LDR consistent communication key. think start losing passion relationship spend time friends/colleagues compared him. feels like boyfriend hour day, especially love language quality time. advice/opinions great, especially girlies dating recruits! Edit: sickos DMs asking wanna cheat him. grip bruhh üò≠ Edit 2: clarification, I'm SG Uni I'm working corporate different country. yes I'm older haha",1,1_time_im_just_hes,medium
1m3teza,Want To Attend A Concert in Nov,KiranCommander,https://www.reddit.com/r/NationalServiceSG/comments/1m3teza/want_to_attend_a_concert_in_nov/,1,17,2025-07-19T10:58:30Z,Question,"Pes E9 here, entering to God blessed BMTC SCH V this 19th Aug. I would love to get tickets for an upcoming concert in Novemember, it's at 8pm.

So uhm, any advice? Is it easy to get leave approve or no? Or if I'm a stay-out vocation do I need not to worry and it's just me overthinking everything? Thanks.",42,0,nonviral,"Want To Attend A Concert in Nov. Pes E9 here, entering to God blessed BMTC SCH V this 19th Aug. I would love to get tickets for an upcoming concert in Novemember, it's at 8pm.

So uhm, any advice? Is it easy to get leave approve or no? Or if I'm a stay-out vocation do I need not to worry and it's just me overthinking everything? Thanks.",concert,0.9586,fear,"[('fear', 0.30402064323425293), ('joy', 0.26015257835388184), ('surprise', 0.18260197341442108), ('neutral', 0.16312457621097565), ('sadness', 0.07203345000743866), ('anger', 0.016248568892478943), ('disgust', 0.0018181906780228019)]","I would love to get tickets for an upcoming concert in Novemember, it's at 8pm. Is it easy to get leave approve or no? Or if I'm a stay-out vocation do I need not to worry and it's just me overthinking everything? Thanks","Want Attend Concert Nov. Pes E9 here, entering God blessed BMTC SCH V 19th Aug. love tickets upcoming concert Novemember, it's 8pm. uhm, advice? easy leave approve no? I'm stay-out vocation need worry it's just overthinking everything? Thanks.",0,0_like_pes_im_pay,low
1m3sty2,How is radar battery of artillery like?,StarryMondayNight,https://www.reddit.com/r/NationalServiceSG/comments/1m3sty2/how_is_radar_battery_of_artillery_like/,0,4,2025-07-19T10:20:59Z,Question,Out of curiosity ,43,0,nonviral,How is radar battery of artillery like?. Out of curiosity ,artillery,0.3612,neutral,"[('neutral', 0.8202126026153564), ('fear', 0.07117494940757751), ('surprise', 0.0452713742852211), ('anger', 0.035036105662584305), ('disgust', 0.018950700759887695), ('sadness', 0.0061201066710054874), ('joy', 0.0032340306788682938)]",CNN.com will feature iReporter photos in a weekly Travel Snapshots gallery. Please submit your best shots of the U.S. for next week. Visit CNN.com/Travel next Wednesday for a new gallery of snapshots.,radar battery artillery like?. curiosity,0,0_like_pes_im_pay,low
1m3rxib,eSIM for Brunei exercises,Peter241018,https://www.reddit.com/r/NationalServiceSG/comments/1m3rxib/esim_for_brunei_exercises/,9,4,2025-07-19T09:20:56Z,Question,"Hi guys, I‚Äôm going to Brunei for ex in Aug for almost a whole month and was wondering what kind of eSIM is recommended? Thanks!
",44,0,nonviral,"eSIM for Brunei exercises. Hi guys, I‚Äôm going to Brunei for ex in Aug for almost a whole month and was wondering what kind of eSIM is recommended? Thanks!
",esim,0.6114,surprise,"[('surprise', 0.6395788788795471), ('joy', 0.17738403379917145), ('neutral', 0.16302068531513214), ('sadness', 0.008888090029358864), ('anger', 0.007428419776260853), ('fear', 0.002458174480125308), ('disgust', 0.0012417000252753496)]",I‚Äôm going to Brunei for ex in Aug for almost a whole month and was wondering what kind of eSIM is recommended? Thanks!,"eSIM Brunei exercises. Hi guys, I‚Äôm going Brunei ex Aug month wondering kind eSIM recommended? Thanks!",0,0_like_pes_im_pay,low
1m3rjrx,worried about him (but i‚Äôll never admit it) update,Free_Assistance7827,https://www.reddit.com/r/NationalServiceSG/comments/1m3rjrx/worried_about_him_but_ill_never_admit_it_update/,50,6,2025-07-19T08:54:36Z,Other,"just wanted to thank everyone who encouraged me to check up on him, figured that he didn‚Äôt think i was as annoying as i thought. the past 2 weeks were the most he has talked to me i feel, or at least it really felt like it, cuz he was more competent in answering me and sharing during confinement. and well, something happened that gave me a clearer picture of how he felt (positive perhaps, tsunderes amirite) and he booked out for the first time yesterday, so there‚Äôs that! :)

edit: he reverted back once he's back bruhhh this guy",45,0,viral,"worried about him (but i‚Äôll never admit it) update. just wanted to thank everyone who encouraged me to check up on him, figured that he didn‚Äôt think i was as annoying as i thought. the past 2 weeks were the most he has talked to me i feel, or at least it really felt like it, cuz he was more competent in answering me and sharing during confinement. and well, something happened that gave me a clearer picture of how he felt (positive perhaps, tsunderes amirite) and he booked out for the first time yesterday, so there‚Äôs that! :)

edit: he reverted back once he's back bruhhh this guy",worried,0.9763,joy,"[('joy', 0.5287076234817505), ('neutral', 0.26979508996009827), ('surprise', 0.10164067149162292), ('anger', 0.04669439420104027), ('sadness', 0.04183728247880936), ('disgust', 0.010088291019201279), ('fear', 0.0012366828741505742)]","Just wanted to thank everyone who encouraged me to check up on him, figured that he didn‚Äôt think i was as annoying as i thought. The past 2 weeks were the most he has talked to me i feel, or at least it really felt like it, cuz he","worried (but i‚Äôll admit it) update. just wanted thank encouraged check him, figured didn‚Äôt think annoying thought. past 2 weeks talked feel, really felt like it, cuz competent answering sharing confinement. well, happened gave clearer picture felt (positive perhaps, tsunderes amirite) booked time yesterday, there‚Äôs that! :) edit: reverted he's bruhhh guy",-1,-1_posted_food_pes_like,low
1m3ply7,Introducing new Hentak Kaki song! üòÜ,Aware-Basil2299,https://www.reddit.com/r/NationalServiceSG/comments/1m3ply7/introducing_new_hentak_kaki_song/,0,9,2025-07-19T06:49:33Z,Funny,"Count by the count by the left foot count yah!

One! Can‚Äôt hear your ah!
Two! Shout louder ah!
Three! Much better ah!
Four! All together now!

One! Two! Three! Four!

We...
Come from a company!
Famous in BMT!
Come from a very lan jiao company!

Work harder than Bangala!
Pay less than Bangala!
Disrespected by the ministers!

Kestrel Coy! Kestrel Coy! Lan jiao company!
Destroy Pulau Tekong Destroy it!
We will defend Pulau Ubin!
Defend it! Defend it now!",46,0,nonviral,"Introducing new Hentak Kaki song! üòÜ. Count by the count by the left foot count yah!

One! Can‚Äôt hear your ah!
Two! Shout louder ah!
Three! Much better ah!
Four! All together now!

One! Two! Three! Four!

We...
Come from a company!
Famous in BMT!
Come from a very lan jiao company!

Work harder than Bangala!
Pay less than Bangala!
Disrespected by the ministers!

Kestrel Coy! Kestrel Coy! Lan jiao company!
Destroy Pulau Tekong Destroy it!
We will defend Pulau Ubin!
Defend it! Defend it now!",tekong,-0.7848,anger,"[('anger', 0.8083405494689941), ('disgust', 0.11254925280809402), ('sadness', 0.02753181755542755), ('fear', 0.018213991075754166), ('neutral', 0.013896611519157887), ('surprise', 0.013358776457607746), ('joy', 0.006109001114964485)]", Croatians are famous in BMT. They work harder than Bangala and pay less than the Bangala. They are respected by the ministers.,Introducing new Hentak Kaki song! üòÜ. Count count left foot count yah! One! Can‚Äôt hear ah! Two! Shout louder ah! Three! better ah! Four! now! One! Two! Three! Four! We... Come company! Famous BMT! Come lan jiao company! Work harder Bangala! Pay Bangala! Disrespected ministers! Kestrel Coy! Kestrel Coy! Lan jiao company! Destroy Pulau Tekong Destroy it! defend Pulau Ubin! Defend it! Defend now!,-1,-1_posted_food_pes_like,low
1m3ood7,Supply assistant (GE) 9 div HQ,Sea_Frosting9944,https://www.reddit.com/r/NationalServiceSG/comments/1m3ood7/supply_assistant_ge_9_div_hq/,1,1,2025-07-19T05:52:25Z,Question,What is life like in 9 div HQ and is it a stay out vocation ,47,0,nonviral,Supply assistant (GE) 9 div HQ. What is life like in 9 div HQ and is it a stay out vocation ,vocation,0.3612,neutral,"[('neutral', 0.6698034405708313), ('fear', 0.20790769159793854), ('anger', 0.04291011020541191), ('disgust', 0.034330204129219055), ('surprise', 0.026385784149169922), ('sadness', 0.015473946928977966), ('joy', 0.003188924863934517)]",9 div HQ is based in London's West End. The nine divs are based at 9 div HQ and have their own website and social media accounts.,Supply assistant (GE) 9 div HQ. life like 9 div HQ stay vocation,-1,-1_posted_food_pes_like,low
1m3mii5,late entry commision(LEC) as a regular spec,Wide-Computer834,https://www.reddit.com/r/NationalServiceSG/comments/1m3mii5/late_entry_commisionlec_as_a_regular_spec/,8,2,2025-07-19T03:49:16Z,Question,i signed on as regular spec i heard my section mates and my commanders talking about a late entry commision to an officer mcm convert to officer from spec jus wanted to find out how that would work as a reg as all the stories i have heard is only nsf aft scs then go ocs,48,0,nonviral,late entry commision(LEC) as a regular spec. i signed on as regular spec i heard my section mates and my commanders talking about a late entry commision to an officer mcm convert to officer from spec jus wanted to find out how that would work as a reg as all the stories i have heard is only nsf aft scs then go ocs,ocs,0.0,neutral,"[('neutral', 0.7545231580734253), ('surprise', 0.19955751299858093), ('sadness', 0.022307993844151497), ('joy', 0.008971679955720901), ('anger', 0.008186339400708675), ('fear', 0.004532963968813419), ('disgust', 0.0019202951807528734)]",i heard my section mates and my commanders talking about a late entry commision to an officer mcm convert to officer from spec jus wanted to find out how that would work as a reg as all the stories i have heard is only nsf aft scs then go ocs.,late entry commision(LEC) regular spec. signed regular spec heard section mates commanders talking late entry commision officer mcm convert officer spec jus wanted work reg stories heard nsf aft scs ocs,0,0_like_pes_im_pay,low
1m3m4l1,5 sir mono intake for 2025,Fluid_Sheepherder430,https://www.reddit.com/r/NationalServiceSG/comments/1m3m4l1/5_sir_mono_intake_for_2025/,50,37,2025-07-19T03:28:02Z,Question,"My friend told me that i will be on the 5 sir mono intake, can anyone tell me how isit like",49,0,viral,"5 sir mono intake for 2025. My friend told me that i will be on the 5 sir mono intake, can anyone tell me how isit like",mono,0.6908,neutral,"[('neutral', 0.824491560459137), ('surprise', 0.12767286598682404), ('sadness', 0.01922832615673542), ('joy', 0.010502801276743412), ('anger', 0.0075769564136862755), ('fear', 0.007098903879523277), ('disgust', 0.003428650088608265)]","My friend told me that i will be on the 5 sir mono intake, can anyone tell me how isit like.","5 sir mono intake 2025. friend told 5 sir mono intake, tell isit like",-1,-1_posted_food_pes_like,low
